Rank,Robot,Weapon
1,Mercury MKe +,Halo
1,Mercury MKe +,Ember MK2
1,Mercury MKe +,Halo
1,Mercury MKe +,a! y
1,Hellburner MKé,Halo MK2
1,Hellburner MKé,Exadus MK2
1,Hellburner MKé,~« ot
1,Hellburner MKé,a &
1,Ares MK2 ‘,Corona
1,Ares MK2 ‘,Halo MK2
1,Ares MK2 ‘,Halo MK2
1,Ares MK2 ‘,Carona MK2
1,Bulwark MK2,Dragoon MK2
1,Bulwark MK2,Dragoon MK2
1,Bulwark MK2,a vot
1,Bulwark MK2,1 # rey
1,Ares :,Pulsar
1,Ares :,Halo MK2
1,Ares :,Halo MK2
1,Ares :,Pulsar MK2
2,Mercury MKe +,Halo
2,Mercury MKe +,Avenger
2,Mercury MKe +,Halo
2,Mercury MKe +,at rT
2,Hellburner MKé,Halo
2,Hellburner MKé,Ember MK2
2,Hellburner MKé,_ wf A
2,Hellburner MKé,HCL
2,Mender MKe -,Spark
2,Mender MKe -,Corona
2,Mender MKe -,Spark
2,Mender MKe -,a.
2,Fury MK2,Trident MK2
2,Fury MK2,Trident MK2
2,Fury MK2,Trident MK2
2,Fury MK2,wae Off
2,Ares MK2 :,Pulsar
2,Ares MK2 :,Shredder
2,Ares MK2 :,Shredder
2,Ares MK2 :,Pulsar /
3,Hellburner MKé,Gust MK2
3,Hellburner MKé,Ember MK2
3,Hellburner MKé,~~ =}
3,Hellburner MKé,HL
3,Mender MKe «,Halo
3,Mender MKe «,Taran MK2
3,Mender MKe «,Halo
3,Mender MKe «,oe
3,Mercury MKe »,Halo
3,Mercury MKe »,Avenger MK2
3,Mercury MKe »,Halo
3,Mercury MKe »,at rT
3,Falcon MK2,Trident MK2
3,Falcon MK2,Avenger
3,Falcon MK2,Trident MK2
3,Falcon MK2,y i Ay
3,Ares MK2 :,Corona
3,Ares MK2 :,Halo
3,Ares MK2 :,Halo
3,Ares MK2 :,Carona
4,Mercury :,Gust MK2
4,Mercury :,Ember MKk2
4,Mercury :,Gust MK2
4,Mercury :,pn! 7.
4,Falcon MK2- «,Dragoon MK2
4,Falcon MK2- «,Avenger MK2
4,Falcon MK2- «,Dragoon MK2
4,Falcon MK2- «,. 7
4,Ares MK2 ‘,Taran MK2
4,Ares MK2 ‘,Halo
4,Ares MK2 ‘,Halo
4,Ares MK2 ‘,Taran MK2
4,Mercury MK2,Hala MK2
4,Mercury MK2,Avenger MK2
4,Mercury MK2,Halo MK2
4,Mercury MK2,a vo
4,Ares MK2 :,Taran MK2
4,Ares MK2 :,Halo
4,Ares MK2 :,Halo
4,Ares MK2 :,Taran MK2
5,Ares MK2 ;,Taran MK2
5,Ares MK2 ;,Halo
5,Ares MK2 ;,Halo
5,Ares MK2 ;,Taran MK2
5,Mender MKe «,Halo
5,Mender MKe «,Storm MK2
5,Mender MKe «,Gust MK2
5,Mender MKe «,oe
5,Mercury,Halo
5,Mercury,Avenger
5,Mercury,Gust MK2
5,Mercury,_ v
5,Mercury MK2,Halo
5,Mercury MK2,Avenger MK2
5,Mercury MK2,Halo
5,Mercury MK2,a Tv .
5,Hellburner MK¢,Halo
5,Hellburner MK¢,Ember MK2
5,Hellburner MK¢,wf 1
5,Hellburner MK¢,HL
6,Mercury MKe +,Halo MK2
6,Mercury MKe +,Ember MK2
6,Mercury MKe +,Halo MK2
6,Mercury MKe +,a! aan
6,Mercury MKe «,Halo MK2
6,Mercury MKe «,Ember MK2
6,Mercury MKe «,Halo MK2
6,Mercury MKe «,n 7.
6,Ares MK2 ‘,Taran MK2
6,Ares MK2 ‘,Halo MK2
6,Ares MK2 ‘,Hala MK2
6,Ares MK2 ‘,Taran MK2
6,Hellburner MK,Halo MK2
6,Hellburner MK,Ember MK2
6,Hellburner MK,wf
6,Hellburner MK,7
6,Mender MKe «,Halo MK2
6,Mender MKe «,Corona MK2
6,Mender MKe «,Halo MK2
6,Mender MKe «,a.
7,Pursuer MK2 «,Hala MK2
7,Pursuer MK2 «,Halo MK2
7,Pursuer MK2 «,Halo MK2
7,Pursuer MK2 «,+
7,Mender 4,Gust MK2
7,Mender 4,Corona
7,Mender 4,Gust MK2
7,Mender 4,oe
7,Mercury,Halo
7,Mercury,Avenger
7,Mercury,Halo MK2
7,Mercury,a rT
7,Spectre,Shocktrain MK2
7,Spectre,Shocktrain MK2
7,Spectre,Shaocktrain MK2
7,Spectre,Shocktrain
7,Hellburner :,Halo
7,Hellburner :,Ember MK2
7,Hellburner :,wf 1
7,Hellburner :,HL
8,Hellburner MKé,Halo
8,Hellburner MKé,Ember MK2
8,Hellburner MKé,_ wf A
8,Hellburner MKé,HL
8,Mender MKe «,Gust MK2
8,Mender MKe «,Storm MK2
8,Mender MKe «,Gust MK2
8,Mender MKe «,of
8,Mercury MKe »,Halo
8,Mercury MKe »,Avenger MK2
8,Mercury MKe »,Halo
8,Mercury MKe »,at rT
8,Ares MK2,Pulsar
8,Ares MK2,Halo MK2
8,Ares MK2,Halo
8,Ares MK2,Pulsar
8,Falcon MK2-«,Trident MK2
8,Falcon MK2-«,Ember MK2
8,Falcon MK2-«,Trident MK2
8,Falcon MK2-«,. ; :
9,Pursuer ;,Gust MK2
9,Pursuer ;,Gust MK2
9,Pursuer ;,Halo
9,Pursuer ;,a
9,Mender MKe «,Halo
9,Mender MKe «,Corona
9,Mender MKe «,Halo
9,Mender MKe «,oe
9,Bulwark ‘,Dragoon MK2
9,Bulwark ‘,Dragoon MK2
9,Bulwark ‘,a ty
9,Bulwark ‘,te i at j
9,Hellburner MK,Halo
9,Hellburner MK,Ember MK2
9,Hellburner MK,wf
9,Hellburner MK,7
9,Ares :,Tulumbas MK2
9,Ares :,Pin
9,Ares :,Pin
9,Ares :,Tulumbas MK2
10,FalconMKe = «,Exodus
10,FalconMKe = «,Viper MK2
10,FalconMKe = «,Exodus .
10,FalconMKe = «,k oo
10,Hellburner MKé,Halo
10,Hellburner MKé,Avenger MK2
10,Hellburner MKé,~~ vt
10,Hellburner MKé,a &
10,Mercury MKe +,Hala MK2
10,Mercury MKe +,Avenger MK2
10,Mercury MKe +,Halo MK2
10,Mercury MKe +,of Zz.
10,Ares MK2,Corona MK2
10,Ares MK2,Halo MK2
10,Ares MK2,Halo MK2
10,Ares MK2,Carona MK2
10,Ares MK2 :,Scourge MK2
10,Ares MK2 :,"Spark MK2 ,"
10,Ares MK2 :,Spark MK2
10,Ares MK2 :,Scourge MK2
11,Hellburner MKé,Hala MK2
11,Hellburner MKé,Viper MK2
11,Hellburner MKé,an ae
11,Hellburner MKé,a”
11,Nemesis MkKe «,Corona MK2
11,Nemesis MkKe «,Corona MK2
11,Nemesis MkKe «,weil o
11,Nemesis MkKe «,re
11,Ares MK2 ‘,Storm MK2
11,Ares MK2 ‘,Halo MK2
11,Ares MK2 ‘,Halo MK2
11,Ares MK2 ‘,Storm MK2
11,Ares MK2,Scourge MK2
11,Ares MK2,Spark MK2
11,Ares MK2,Spark MK2
11,Ares MK2,Scourge MK2
11,Ares MK2 :,Pulsar MK2
11,Ares MK2 :,Sting MK2
11,Ares MK2 :,Sting MK2
11,Ares MK2 :,Pulsar MK2
12,Falcon MKe = «,Dragoon MK2
12,Falcon MKe = «,Ember MK2
12,Falcon MKe = «,Dragoon MK2
12,Falcon MKe = «,7 zo
12,Mercury ;,Halo
12,Mercury ;,Ember MK2
12,Mercury ;,Halo
12,Mercury ;,y! 7.
12,Mercury,Halo
12,Mercury,Avenger MK2
12,Mercury,Halo
12,Mercury,at rT
12,Ares,Scourge MK2
12,Ares,Halo
12,Ares,Halo
12,Ares,Scourge MK2
12,Hellburner MK¢,Halo
12,Hellburner MK¢,Ember MK2
12,Hellburner MK¢,wf 1
12,Hellburner MK¢,HL
13,Bulwark MKe «,Avenger MK2
13,Bulwark MKe «,Avenger MK2
13,Bulwark MKe «,. ao
13,Bulwark MKe «,fA pee
13,Mercury ;,Halo
13,Mercury ;,Ember MK2
13,Mercury ;,Halo
13,Mercury ;,y! 7.
13,Mercury MKe +,Halo MK2
13,Mercury MKe +,Ember MK2
13,Mercury MKe +,Halo MK2
13,Mercury MKe +,a! aan
13,Mender MK2,Gust MK2
13,Mender MK2,Storm MK2
13,Mender MK2,Gust MK2
13,Mender MK2,ee F
13,Fury MK2 ;,Trident MK2
13,Fury MK2 ;,Trident MK2
13,Fury MK2 ;,Trident MK2
13,Fury MK2 ;,ton ORY”
14,Hellburner MKé,Halo MK2
14,Hellburner MKé,Avenger MK2
14,Hellburner MKé,~~ vt
14,Hellburner MKé,7 &
14,Mender MKe «,Halo MK2
14,Mender MKe «,Scourge MK2
14,Mender MKe «,Halo MK2
14,Mender MKe «,oe
14,Hellburner MK,Halo MK2
14,Hellburner MK,Glory MK2
14,Hellburner MK,a |
14,Hellburner MK,‘a °
14,Mender MK2,Spark MK2
14,Mender MK2,Scourge MK2
14,Mender MK2,Spark MK2
14,Mender MK2,ee F
14,Hellburner MK¢,Halo MK2
14,Hellburner MK¢,Ember MK2
14,Hellburner MK¢,wf 1
14,Hellburner MK¢,HL
15,Hellburner MKé,Punisher MK2
15,Hellburner MKé,Avenger
15,Hellburner MKé,we OY
15,Hellburner MKé,ee CL
15,Mender MKe «,Halo
15,Mender MKe «,Storm MK2
15,Mender MKe «,Halo
15,Mender MKe «,oe
15,Mercury MKe »,Halo
15,Mercury MKe »,Ember MK2
15,Mercury MKe »,Halo
15,Mercury MKe »,a! aan
15,Mercury,Gust MK2
15,Mercury,Ember
15,Mercury,Gust MK2
15,Mercury,et 7.
15,Bulwark :,Dragoon
15,Bulwark :,Dragoon
15,Bulwark :,a vot
15,Bulwark :,‘# rey
16,Ares ;,Corona
16,Ares ;,Halo
16,Ares ;,Shredder
16,Ares ;,Pulsar
16,Falcon 4,Trident MK2
16,Falcon 4,Tempest
16,Falcon 4,Trident MK2
16,Falcon 4,ah Aa
16,Mercury,Gust MK2
16,Mercury,Ember
16,Mercury,Halo
16,Mercury,at -
16,Hellburner MK,Halo
16,Hellburner MK,Ember MK2
16,Hellburner MK,wf
16,Hellburner MK,7
16,Mender MkKe «,Halo
16,Mender MkKe «,Storm
16,Mender MkKe «,Halo
16,Mender MkKe «,a.
17,Spectre MK2 -,Shocktrain MK2
17,Spectre MK2 -,Shocktrain MK2
17,Spectre MK2 -,Shaocktrain MK2
17,Spectre MK2 -,Shocktrain MK2
17,Spectre MKe -,Tulumbas MK2
17,Spectre MKe -,Tulumbas MK2
17,Spectre MKe -,Tulumbas MK2
17,Spectre MKe -,Tulumbas MK2
17,Falcon ‘,Exodus
17,Falcon ‘,Avenger -
17,Falcon ‘,Exodus
17,Falcon ‘,* oO
17,Bulwark MK2,Dragoon
17,Bulwark MK2,Dragoon
17,Bulwark MK2,& * 5
17,Bulwark MK2,
17,Fury :,Trident
17,Fury :,Trident
17,Fury :,Trident
17,Fury :,mo a5
18,Hellburner MKé,Halo MK2
18,Hellburner MKé,Ember MK2
18,Hellburner MKé,_ wf A
18,Hellburner MKé,HL
18,Ares MK2 4,Corona MK2
18,Ares MK2 4,Halo MK2
18,Ares MK2 4,Halo MK2
18,Ares MK2 4,Carona MK2
18,Ares MK2 ‘,Tulumbas MK2
18,Ares MK2 ‘,Pin MK2
18,Ares MK2 ‘,Pin MK2
18,Ares MK2 ‘,Tulumbas MK2
18,Ares MK2,Pulsar MK2
18,Ares MK2,Shredder MK2
18,Ares MK2,Shredder MK2
18,Ares MK2,Pulsar MK2
18,Ares MK2 :,Scourge MK2
18,Ares MK2 :,"Spark MK2 ,"
18,Ares MK2 :,Spark MK2
18,Ares MK2 :,Scourge MK2
19,Hellburner MKé,Halo
19,Hellburner MKé,Ember MK2
19,Hellburner MKé,_ wf A
19,Hellburner MKé,HL
19,Mender MKe «,Halo
19,Mender MKe «,Corona
19,Mender MKe «,Halo
19,Mender MKe «,oe
19,Falcon MK2~,Exodus MK2
19,Falcon MK2~,Avenger MK2
19,Falcon MK2~,Exodus
19,Falcon MK2~,et
19,Mercury MK2,Shredder
19,Mercury MK2,Ember MK2
19,Mercury MK2,Shredder
19,Mercury MK2,pho
19,Spectre MKe2 -,Tulumbas MK2
19,Spectre MKe2 -,Tulumbas MK2
19,Spectre MKe2 -,Tulumbas MK2
19,Spectre MKe2 -,Tulumbas MK2
20,Hellburner MKé,Halo MK2
20,Hellburner MKé,Avenger MK2
20,Hellburner MKé,~~ vt
20,Hellburner MKé,7 &
20,Ares MK2 4,Scourge MK2
20,Ares MK2 4,Shredder '
20,Ares MK2 4,Shredder
20,Ares MK2 4,Scourge MK2
20,Mender MKe -,Halo
20,Mender MKe -,Corona
20,Mender MKe -,Gust MK2
20,Mender MKe -,a.
20,Mercury MK2,Halo
20,Mercury MK2,Ember MK2
20,Mercury MK2,Halo
20,Mercury MK2,yo! aan
20,Falcon MK2-«,Trident MK2
20,Falcon MK2-«,Trident MK2
20,Falcon MK2-«,Trident MK2
20,Falcon MK2-«,po fy
21,Ares ;,Taran MK2
21,Ares ;,Halo
21,Ares ;,Halo
21,Ares ;,Taran MK2
21,Mender 4,Halo
21,Mender 4,Corona
21,Mender 4,Halo
21,Mender 4,oe
21,Ares ‘,Taran MK2
21,Ares ‘,Halo
21,Ares ‘,Halo
21,Ares ‘,Taran MK2
21,Mender MK2,Halo
21,Mender MK2,Corona
21,Mender MK2,Halo
21,Mender MK2,oe
21,Hellburner :,Halo
21,Hellburner :,Ember MK2
21,Hellburner :,wf 1
21,Hellburner :,HL
22,Mender MKe «,Halo
22,Mender MKe «,Storm MK2
22,Mender MKe «,Halo
22,Mender MKe «,a.
22,Hellburner MKé,Ecu
22,Hellburner MKé,Ember MK2
22,Hellburner MKé,_~w Rig
22,Hellburner MKé,7
22,Fury ‘,Trident MK2
22,Fury ‘,Trident MK2
22,Fury ‘,Trident MK2
22,Fury ‘,7 rr ’
22,Ares MK2,Corona
22,Ares MK2,Halo
22,Ares MK2,Halo
22,Ares MK2,Carona
22,Ares MK2 :,Pulsar
22,Ares MK2 :,Halo
22,Ares MK2 :,Halo
22,Ares MK2 :,Pulsar
23,Spectre MKe «,Pulsar
23,Spectre MKe «,Tulumbas MK2
23,Spectre MKe «,Tulumbas MK2
23,Spectre MKe «,Pulsar :
23,Mercury MKe «,Shredder
23,Mercury MKe «,Avenger
23,Mercury MKe «,Shredder
23,Mercury MKe «,at r
23,Bulwark Mke -,Avenger MK2
23,Bulwark Mke -,Avenger MKe2
23,Bulwark Mke -,sO .
23,Bulwark Mke -,"fe - ""s"
23,Hellburner MK,Ecu
23,Hellburner MK,Ember MK2
23,Hellburner MK,_~w Rig
23,Hellburner MK,7
23,Fury MK2 ;,Flux
23,Fury MK2 ;,Flux
23,Fury MK2 ;,Flux
23,Fury MK2 ;,‘Bu re
24,Ares MK2 ;,Taran MK2
24,Ares MK2 ;,Halo MK2
24,Ares MK2 ;,Hala MK2
24,Ares MK2 ;,Taran MK2
24,Spectre MKe -,Tulumbas MK2
24,Spectre MKe -,Tulumbas MK2
24,Spectre MKe -,Tulumbas MK2
24,Spectre MKe -,Tulumbas MK2
24,Hellburner MK,Ecu MK2
24,Hellburner MK,Ember MK2
24,Hellburner MK,_~w Rig
24,Hellburner MK,7
24,Ares,Taran MK2
24,Ares,Halo
24,Ares,Halo
24,Ares,Taran MK2
24,Mender MKe «,Halo MK2
24,Mender MKe «,Storm MK2
24,Mender MKe «,Halo MK2
24,Mender MKe «,ge
25,Hellburner MKé,Ecu MK2
25,Hellburner MKé,Ember MK2
25,Hellburner MKé,ww Rig
25,Hellburner MKé,eH Cl
25,Mender MKe «,Halo MK2
25,Mender MKe «,Corona MK2
25,Mender MKe «,Halo MK2
25,Mender MKe «,oe
25,Ares MK2 ‘,Taran MK2
25,Ares MK2 ‘,Halo MK2
25,Ares MK2 ‘,Hala MK2
25,Ares MK2 ‘,Taran MK2
25,Mercury MK2,Shredder
25,Mercury MK2,Ember MK2
25,Mercury MK2,Shredder
25,Mercury MK2,pho
25,Ares MK2 :,Taran MK2
25,Ares MK2 :,Magnum
25,Ares MK2 :,Magnum
25,Ares MK2 :,Taran MK2
26,Hellburner MKé,Ecu
26,Hellburner MKé,Ember
26,Hellburner MKé,ww Rig
26,Hellburner MKé,eH Cl
26,FalconMKe- «,Dragoon
26,FalconMKe- «,Avenger MK2
26,FalconMKe- «,Dragoon
26,FalconMKe- «,ge 4g
26,Mercury,Halo
26,Mercury,Avenger
26,Mercury,Halo
26,Mercury,at rT
26,Ares MK2,Pulsar
26,Ares MK2,Halo
26,Ares MK2,Halo
26,Ares MK2,Pulsar
26,Mender MkKe «,Halo
26,Mender MkKe «,Storm MK2
26,Mender MkKe «,Gust
26,Mender MkKe «,a.
27,Hellburner MKé,Gust MK2
27,Hellburner MKé,Avenger MK2
27,Hellburner MKé,~«w
27,Hellburner MKé,» &
27,Mender MKe «,Gust MK2
27,Mender MKe «,Storm MK2
27,Mender MKe «,Gust MK2
27,Mender MKe «,oe
27,Mercury,Halo
27,Mercury,Ember MK2
27,Mercury,Halo
27,Mercury,a! aan
27,Ares MK2,Taran MK2
27,Ares MK2,Halo
27,Ares MK2,Halo
27,Ares MK2,Taran MK2
27,Spectre MKe2 -,Tulumbas MK2
27,Spectre MKe2 -,Tulumbas MK2
27,Spectre MKe2 -,Tulumbas MK2
27,Spectre MKe2 -,Tulumbas MK2
28,Spectre :,Taran MK2
28,Spectre :,Taran MK2 .
28,Spectre :,Taran MK2
28,Spectre :,Taran MK2
28,Pursuer MK2 «,Halo
28,Pursuer MK2 «,Gust MK2
28,Pursuer MK2 «,Gust MK2
28,Pursuer MK2 «,a
28,Mender MKe -,Halo
28,Mender MKe -,Storm MK2
28,Mender MKe -,Gust MK2
28,Mender MKe -,a.
28,Mercury MK2,Halo
28,Mercury MK2,Avenger MK2
28,Mercury MK2,Gust MK2
28,Mercury MK2,4 v
28,Spectre MKe2 -,Tulumbas MK2
28,Spectre MKe2 -,Tulumbas MK2
28,Spectre MKe2 -,Tulumbas MK2
28,Spectre MKe2 -,Tulumbas MK2
29,Ares ;,Corona
29,Ares ;,Halo
29,Ares ;,Halo
29,Ares ;,Carona
29,Fury MK2 ;,Dragoon MK2
29,Fury MK2 ;,Dragoon MK2
29,Fury MK2 ;,Dragoon MK2
29,Fury MK2 ;,Loe e
29,Fury MK2,Dragoon MK2
29,Fury MK2,Dragoon MK2
29,Fury MK2,Dragoon MK2
29,Fury MK2,Loe f
29,Fury MK2,Dragoon MK2
29,Fury MK2,Dragoon MK2
29,Fury MK2,Dragoon MK2
29,Fury MK2,oe f
29,Fury MK2 ;,Flux MK2
29,Fury MK2 ;,Flux MK2
29,Fury MK2 ;,Flux MK2
29,Fury MK2 ;,ma . iy
30,Hellburner ;,Halo
30,Hellburner ;,Ember MK2
30,Hellburner ;,_ wf A
30,Hellburner ;,HL
30,Mercury ;,Gust MK2
30,Mercury ;,Avenger
30,Mercury ;,Halo
30,Mercury ;,an y.
30,Invader ‘,Scourge MK2
30,Invader ‘,Gust :
30,Invader ‘,Gust
30,Invader ‘,i
30,Falcon,Tempest MK2
30,Falcon,Glory :
30,Falcon,Trident MK2
30,Falcon,a zt
30,Mender :,Gust MK2
30,Mender :,Scourge MK2
30,Mender :,Gust MK2
30,Mender :,a.
31,HaechiMKe  «,Scourge MK2
31,HaechiMKe  «,Scourge MK2
31,HaechiMKe  «,Scourge MK2
31,HaechiMKe  «,=
31,Mercury MKe «,Halo
31,Mercury MKe «,Ember MK2
31,Mercury MKe «,Gust
31,Mercury MKe «,yt y
31,Pursuer ‘,Gust
31,Pursuer ‘,Gust
31,Pursuer ‘,Halo
31,Pursuer ‘,a
31,Fury,Trident
31,Fury,Trident
31,Fury,Trident
31,Fury,ae rr ?
31,Mender MKe «,Gust MK2
31,Mender MKe «,Storm MK2
31,Mender MKe «,Halo
31,Mender MKe «,a.
32,Blitz MK2 ;,Hala MK2
32,Blitz MK2 ;,Gust MK2
32,Blitz MK2 ;,Gust MK2
32,Blitz MK2 ;,Halo MK2 —
32,Hellburner MKé,Ecu MK2
32,Hellburner MKé,Ancile MK2
32,Hellburner MKé,a we
32,Hellburner MKé,a ‘c -
32,Bulwark Mke -,Dragoon MK2
32,Bulwark Mke -,Dragoon MK2
32,Bulwark Mke -,a ty
32,Bulwark Mke -,te i at j
32,Spectre MK2,Orkan MK2
32,Spectre MK2,Orkan MK2
32,Spectre MK2,Orkan MK2
32,Spectre MK2,Orkan MK2
32,Inquisitor MK2.,Taran MK2
32,Inquisitor MK2.,Taran MK2 :
32,Inquisitor MK2.,Ember MK2
32,Inquisitor MK2.,roe ~
33,Mender ;,Halo
33,Mender ;,Storm MK2
33,Mender ;,Halo
33,Mender ;,ee
33,Ares 4,Taran MK2
33,Ares 4,Halo
33,Ares 4,Halo
33,Ares 4,Taran MK2
33,Ares ‘,Taran MK2
33,Ares ‘,Halo
33,Ares ‘,Halo
33,Ares ‘,Taran MK2
33,Ares,Tulumbas MK2
33,Ares,Pin MK2
33,Ares,Pin MK2
33,Ares,Tulumbas MK2
33,Hellburner :,Ecu MK2
33,Hellburner :,Ember MK2
33,Hellburner :,~w Rig
33,Hellburner :,7
34,Bulwark ;,Dragoon MK2
34,Bulwark ;,Dragoon MK2
34,Bulwark ;,a ty
34,Bulwark ;,te i at j
34,Hellburner 4,Ecu
34,Hellburner 4,Ancile
34,Hellburner 4,a
34,Hellburner 4,a ‘c -
34,Bulgasari ‘,Orkan MK2
34,Bulgasari ‘,Orkan
34,Bulgasari ‘,Orkan MK2
34,Bulgasari ‘,"""y ¢"
34,Falcon,Exodus
34,Falcon,Ember
34,Falcon,Thunder
34,Falcon,“gh
34,Fury :,Trident
34,Fury :,Trident
34,Fury :,Trident
34,Fury :,7 rr ’
35,Mender MKe «,Gust MK2
35,Mender MKe «,Corona MK2
35,Mender MKe «,Gust MK2
35,Mender MKe «,ge
35,Hellburner MKé,Halo MK2
35,Hellburner MKé,Avenger MK2
35,Hellburner MKé,~~ vt
35,Hellburner MKé,a &
35,Ares MK2 ‘,Scourge MK2
35,Ares MK2 ‘,Spark MK2 :
35,Ares MK2 ‘,Spark MK2
35,Ares MK2 ‘,Scourge MK2
35,Hellburner MK,Ecu MK2
35,Hellburner MK,Ember MK2
35,Hellburner MK,_~w Rig
35,Hellburner MK,7
35,Ares MK2 :,Scourge MK2
35,Ares MK2 :,"Spark MK2 ,"
35,Ares MK2 :,Spark
35,Ares MK2 :,Scourge MK2
36,Strider MKe «,Halo MK2
36,Strider MKe «,Halo MK2
36,Strider MKe «,Ember MK2
36,Strider MKe «,wah
36,Ares MK2 4,Taran MK2
36,Ares MK2 4,Halo
36,Ares MK2 4,Halo
36,Ares MK2 4,Taran MK2
36,Spectre MK2 -,Tulumbas MK2
36,Spectre MK2 -,Tulumbas MK2
36,Spectre MK2 -,Tulumbas MK2
36,Spectre MK2 -,Tulumbas MK2
36,Mender MK2,Gust MK2
36,Mender MK2,Corona MK2
36,Mender MK2,Gust MK2
36,Mender MK2,oe
36,Ares MK2 :,Taran MK2
36,Ares MK2 :,Halo MK2
36,Ares MK2 :,Halo
36,Ares MK2 :,Taran MK2
37,Spectre MKe -,Tulumbas MK2
37,Spectre MKe -,Tulumbas MK2
37,Spectre MKe -,Tulumbas MK2
37,Spectre MKe -,Tulumbas MK2
37,Mender MKe «,Halo MK2
37,Mender MKe «,Storm MK2
37,Mender MKe «,Halo MK2
37,Mender MKe «,oe
37,Mercury MKe »,Halo
37,Mercury MKe »,Ember MK2
37,Mercury MKe »,Halo
37,Mercury MKe »,a! aan
37,Hellburner,Gust MK2
37,Hellburner,Exadus MK2
37,Hellburner,~—
37,Hellburner,a &
37,Pursuer :,Gust MK2
37,Pursuer :,Gust MK2
37,Pursuer :,Hala MK2
37,Pursuer :,a
38,Hellburner MKé,Ecu MK2
38,Hellburner MKé,Ember MK2
38,Hellburner MKé,ww Rig
38,Hellburner MKé,eH Cl
38,FalconMK2 «,Dragoon MK2
38,FalconMK2 «,Avenger MK2
38,FalconMK2 «,Dragoon MK2
38,FalconMK2 «,ge 4g
38,Mender MKe -,Gust MK2
38,Mender MKe -,Taran MK2
38,Mender MKe -,Gust MK2
38,Mender MKe -,——
38,Mercury MK2,Halo MK2
38,Mercury MK2,Ember MK2
38,Mercury MK2,Halo
38,Mercury MK2,yo! aan
38,Ares MK2 :,Taran MK2
38,Ares MK2 :,Halo MK2
38,Ares MK2 :,Hala MK2
38,Ares MK2 :,Taran MK2
39,Fury ;,Tempest MK2
39,Fury ;,Tempest MK2
39,Fury ;,Tempest MK2
39,Fury ;,an re
39,Mender MKe «,Shredder
39,Mender MKe «,Corona
39,Mender MKe «,Halo
39,Mender MKe «,oe
39,Invader ‘,Taran MK2
39,Invader ‘,Gust
39,Invader ‘,Gust
39,Invader ‘,i
39,Mender,Gust
39,Mender,Taran MK2
39,Mender,Shredder
39,Mender,oe
39,Hellburner MK¢,Ecu
39,Hellburner MK¢,Ancile
39,Hellburner MK¢,a re
39,Hellburner MK¢,a c -
40,Hellburner ;,Halo MK2
40,Hellburner ;,Ember MK2
40,Hellburner ;,_ wf A
40,Hellburner ;,HL
40,Mercury ;,Shredder MK2
40,Mercury ;,Avenger MK2
40,Mercury ;,Shredder MK2
40,Mercury ;,at .
40,Bulwark ‘,Avenger MK2
40,Bulwark ‘,Avenger MK2
40,Bulwark ‘,. dof
40,Bulwark ‘,fA pee
40,Spectre,Tulumbas MK2
40,Spectre,Tulumbas MK2
40,Spectre,Tulumbas MK2
40,Spectre,Tulumbas MK2
40,Mercury ;,Halo MK2
40,Mercury ;,Exodus MK2
40,Mercury ;,Halo MK2
40,Mercury ;,"7, ="
41,Ares ;,Taran MK2
41,Ares ;,Halo
41,Ares ;,Halo
41,Ares ;,Taran MK2
41,Spectre MKe -,Storm MK2
41,Spectre MKe -,Storm MK2
41,Spectre MKe -,Storm MK2
41,Spectre MKe -,Starm MKe2
41,Mercury MKe »,Halo
41,Mercury MKe »,Avenger MK2
41,Mercury MKe »,Halo
41,Mercury MKe »,at rT
41,Hellburner MK,Halo MK2
41,Hellburner MK,Ember MK2
41,Hellburner MK,wf
41,Hellburner MK,7
41,Spectre MKe2 -,Taran MK2
41,Spectre MKe2 -,Taran MK2 :
41,Spectre MKe2 -,Taran MK2
41,Spectre MKe2 -,Taran MK2
42,Hellburner MKé,Ecu MK2
42,Hellburner MKé,Avenger MK2
42,Hellburner MKé,« ¥@4
42,Hellburner MKé,xy Co”
42,Ares MK2 4,Taran MK2
42,Ares MK2 4,Halo
42,Ares MK2 4,Halo
42,Ares MK2 4,Taran MK2
42,Ares MK2 ‘,Pulsar
42,Ares MK2 ‘,Halo
42,Ares MK2 ‘,Halo MK2
42,Ares MK2 ‘,Pulsar
42,Falcon MK2,Dragoon MK2
42,Falcon MK2,Avenger MK2
42,Falcon MK2,Dragoon MK2
42,Falcon MK2,
42,Fury MK2 ;,Trident MK2
42,Fury MK2 ;,Trident MK2
42,Fury MK2 ;,Trident MK2
42,Fury MK2 ;,coef
43,Hellburner MKé,Ecu MK2
43,Hellburner MKé,Ancile MK2
43,Hellburner MKé,a Fe
43,Hellburner MKé,a c -
43,Mercury MKe «,Halo MK2
43,Mercury MKe «,Ember MK2
43,Mercury MKe «,Halo MK2
43,Mercury MKe «,n 7.
43,Mender MKe -,Halo MK2
43,Mender MKe -,Corona MK2
43,Mender MKe -,Halo MK2
43,Mender MKe -,ce
43,Ares MK2,Taran MK2
43,Ares MK2,Shredder MK2
43,Ares MK2,Shredder MK2
43,Ares MK2,Taran MK2
43,Spectre MKe2 -,Tulumbas MK2
43,Spectre MKe2 -,Tulumbas MK2
43,Spectre MKe2 -,Tulumbas MK2
43,Spectre MKe2 -,Tulumbas MK2
44,Ares MK2 ;,Tulumbas MK2
44,Ares MK2 ;,Pin MK2
44,Ares MK2 ;,Pin MK2
44,Ares MK2 ;,Tulumbas MK2
44,Mercury MKe «,Gust MK2
44,Mercury MKe «,Avenger MK2
44,Mercury MKe «,Halo
44,Mercury MKe «,"iF, x."
44,Blitz MK2 ‘,Hala MK2
44,Blitz MK2 ‘,Halo MK2
44,Blitz MK2 ‘,Halo MK2
44,Blitz MK2 ‘,Halo MK2
44,Nemesis MK2,Punisher T MK2
44,Nemesis MK2,Punisher T MK2
44,Nemesis MK2,weil ‘
44,Nemesis MK2,BS
44,Falcon MK2-«,Trident MK2
44,Falcon MK2-«,Avenger MK2
44,Falcon MK2-«,Trident MK2
44,Falcon MK2-«,: gy fF
45,Strider ;,Gust MK2
45,Strider ;,Gust MK2
45,Strider ;,Ember MK2
45,Strider ;,ay ae
45,Mercury MKe «,Gust MK2
45,Mercury MKe «,Avenger MK2
45,Mercury MKe «,Halo MK2
45,Mercury MKe «,an y.
45,Nemesis ‘,Corona
45,Nemesis ‘,Pulsar MK2
45,Nemesis ‘,wel ;
45,Nemesis ‘,BS
45,Spectre MK2,Tulumbas MK2
45,Spectre MK2,Tulumbas MK2
45,Spectre MK2,Tulumbas MK2
45,Spectre MK2,Tulumbas MK2
45,Mender MkKe «,Halo
45,Mender MkKe «,Corona
45,Mender MkKe «,Halo
45,Mender MkKe «,a.
46,Bulgasari MK2-,Orkan MK2
46,Bulgasari MK2-,Orkan MK2
46,Bulgasari MK2-,Orkan MK2
46,Bulgasari MK2-,"""y """
46,Strider MKe «,Ecu MK2
46,Strider MKe «,Halo
46,Strider MKe «,Ember MK2
46,Strider MKe «,
46,HaechiMK2 -,Scourge MK2
46,HaechiMK2 -,Scourge MK2
46,HaechiMK2 -,Scourge MK2
46,HaechiMK2 -,=
46,Spectre MK2,Taran MK2
46,Spectre MK2,Taran MK2 .
46,Spectre MK2,Taran MK2
46,Spectre MK2,Taran MK2
46,Falcon MK2-«,Dragoon MK2
46,Falcon MK2-«,Ember MK2
46,Falcon MK2-«,Dragoon MK2
46,Falcon MK2-«,; :
47,Pursuer ;,Gust MK2
47,Pursuer ;,Gust MK2
47,Pursuer ;,Gust MK2
47,Pursuer ;,a
47,Mercury ;,Halo
47,Mercury ;,Glary
47,Mercury ;,Halo
47,Mercury ;,oo TO.
47,Inquisitor,Taran
47,Inquisitor,Corona
47,Inquisitor,Ember MK2
47,Inquisitor,eo. 7
47,Falcon MK2,Trident
47,Falcon MK2,Avenger MK2
47,Falcon MK2,Trident
47,Falcon MK2,y i Aa
47,Falcon MK2-«,Dragoon
47,Falcon MK2-«,Avenger MK2
47,Falcon MK2-«,Dragoon
47,Falcon MK2-«,gh 4s
48,Mercury :,Halo
48,Mercury :,Ember MK2
48,Mercury :,Halo
48,Mercury :,a! y
48,Bulgasari MKe-,Scourge MK2
48,Bulgasari MKe-,Scourge MK2
48,Bulgasari MKe-,Scourge MK2
48,Bulgasari MKe-,‘ +
48,Falcon MK2~,Trident
48,Falcon MK2~,Trident MK2
48,Falcon MK2~,Trident
48,Falcon MK2~,po 4a
48,Spectre MK2,Tulumbas MK2
48,Spectre MK2,Tulumbas MK2
48,Spectre MK2,Tulumbas MK2
48,Spectre MK2,Tulumbas MK2
48,Falcon :,Tempest
48,Falcon :,Avenger MK2
48,Falcon :,Tempest
48,Falcon :,“gh OE
49,Bulwark MKe «,Avenger MK2
49,Bulwark MKe «,Avenger MKe2
49,Bulwark MKe «,SO .
49,Bulwark MKe «,"fe - ""s"
49,Nemesis MkKe «,Taran MK2
49,Nemesis MkKe «,Taran MK2
49,Nemesis MkKe «,weil a
49,Nemesis MkKe «,re
49,Hellburner ‘,Halo
49,Hellburner ‘,Ember MK2
49,Hellburner ‘,_ ww
49,Hellburner ‘,CL
49,Mender MK2,Gust MK2
49,Mender MK2,Storm MK2
49,Mender MK2,Gust MK2
49,Mender MK2,ee F
49,Mender MKe «,Halo MK2
49,Mender MKe «,Corona MK2
49,Mender MKe «,Halo
49,Mender MKe «,oe
50,Hellburner MKé,Halo
50,Hellburner MKé,Avenger MK2
50,Hellburner MKé,~~ vt
50,Hellburner MKé,7 &
50,Spectre MKe -,Storm MK2
50,Spectre MKe -,Storm MK2
50,Spectre MKe -,Storm MK2
50,Spectre MKe -,Starm MK2
50,Mercury MKe »,Halo
50,Mercury MKe »,Avenger MK2
50,Mercury MKe »,Halo
50,Mercury MKe »,at rT
50,Spectre MK2,Scourge MK2
50,Spectre MK2,Pulsar
50,Spectre MK2,Scourge MK2
50,Spectre MK2,Scourge MK2
50,Falcon MK2-«,Trident MK2
50,Falcon MK2-«,Ember MK2
50,Falcon MK2-«,Trident MK2
50,Falcon MK2-«,ih Aa
51,Ares MK2 ;,Pulsar MK2
51,Ares MK2 ;,Spark
51,Ares MK2 ;,Spark MK2
51,Ares MK2 ;,Pulsar MK2
51,FalconMKe- «,Exodus
51,FalconMKe- «,Glory MK2
51,FalconMKe- «,Exodus MK2
51,FalconMKe- «,he a
51,Hellburner MK:,Halo
51,Hellburner MK:,Ember MK2
51,Hellburner MK:,_ ww
51,Hellburner MK:,CL
51,Ares MK2,Corona MK2
51,Ares MK2,Halo
51,Ares MK2,Halo
51,Ares MK2,Carona MK2
51,Falcon MK2-«,Trident MK2
51,Falcon MK2-«,Avenger MK2
51,Falcon MK2-«,Trident MK2
51,Falcon MK2-«,: gy fF
52,Hellburner MKé,Halo MK2
52,Hellburner MKé,Avenger MK2
52,Hellburner MKé,~~ vt
52,Hellburner MKé,7 &
52,Bulwark 4,Dragoon MK2
52,Bulwark 4,Dragoon MK2
52,Bulwark 4,a ty
52,Bulwark 4,fe i 4a
52,Mercury,Halo
52,Mercury,Avenger MK2
52,Mercury,Halo
52,Mercury,at rT
52,Falcon MK2,Trident MK2
52,Falcon MK2,Ember MK2
52,Falcon MK2,Trident MK2
52,Falcon MK2,gh Aa
52,Mender :,Halo MK2
52,Mender :,Taran MK2
52,Mender :,Gust MK2
52,Mender :,a.
53,Hellburner ;,Ecu
53,Hellburner ;,Ancile
53,Hellburner ;,a Fe
53,Hellburner ;,a c -
53,Hellburner MKé,Ecu MK2
53,Hellburner MKé,Ember MK2
53,Hellburner MKé,_~w Rig
53,Hellburner MKé,7
53,Mender MKe -,Halo
53,Mender MKe -,Corona
53,Mender MKe -,Halo
53,Mender MKe -,ge
53,Spectre MK2,Orkan MK2
53,Spectre MK2,Orkan MK2
53,Spectre MK2,Orkan MK2
53,Spectre MK2,Orkan MK2
53,Spectre MKe2 -,Orkan MK2
53,Spectre MKe2 -,Orkan MK2
53,Spectre MKe2 -,Orkan MK2
53,Spectre MKe2 -,Orkan MK2
54,Hellburner MKé,Halo MK2
54,Hellburner MKé,Exadus MK2
54,Hellburner MKé,~« tt
54,Hellburner MKé,a &
54,Mercury MKe «,Halo MK2
54,Mercury MKe «,Ember MK2
54,Mercury MKe «,Halo MK2
54,Mercury MKe «,n 7.
54,Ares MK2 ‘,Corona MK2
54,Ares MK2 ‘,Gust MK2
54,Ares MK2 ‘,Gust MK2
54,Ares MK2 ‘,Carona
54,Hades MK2,Punisher MK2
54,Hades MK2,Avenger MK2
54,Hades MK2,Punisher MK2
54,Hades MK2,yO
54,Mercury MkKe -,Hala MK2
54,Mercury MkKe -,Avenger MK2
54,Mercury MkKe -,Halo MK2
54,Mercury MkKe -,of Zz.
55,Mercury MKe +,Gust MK2
55,Mercury MKe +,Ember MK2
55,Mercury MKe +,Halo MK2
55,Mercury MKe +,at 7
55,Ares MK2 4,Taran MK2
55,Ares MK2 4,Halo
55,Ares MK2 4,Halo
55,Ares MK2 4,Taran MK2
55,Spectre MK2 -,Tulumbas MK2
55,Spectre MK2 -,Tulumbas MK2
55,Spectre MK2 -,Tulumbas MK2
55,Spectre MK2 -,Tulumbas MK2
55,Pursuer MK2,Gust MK2
55,Pursuer MK2,Halo MK2
55,Pursuer MK2,Gust MK2
55,Pursuer MK2,a
55,Hellburner MK¢,Ecu MK2
55,Hellburner MK¢,Ancile MK2
55,Hellburner MK¢,a
55,Hellburner MK¢,a c -
56,Hellburner MKé,Ecu MK2
56,Hellburner MKé,Ember MK2
56,Hellburner MKé,ww Rig
56,Hellburner MKé,eH Cl
56,Mercury MKe «,Halo MK2
56,Mercury MKe «,Viper MK2
56,Mercury MKe «,Halo MK2
56,Mercury MKe «,at 7.
56,Ares MK2 ‘,Corona
56,Ares MK2 ‘,Halo MK2
56,Ares MK2 ‘,Halo MK2
56,Ares MK2 ‘,Carona
56,Ares MK2,Scourge MK2
56,Ares MK2,Halo
56,Ares MK2,Halo
56,Ares MK2,Scourge MK2
56,Falcon MK2-«,Trident MK2
56,Falcon MK2-«,Ember MK2
56,Falcon MK2-«,Trident MK2
56,Falcon MK2-«,. ; :
57,Hellburner MKé,Halo
57,Hellburner MKé,Ember MK2
57,Hellburner MKé,_ wf A
57,Hellburner MKé,HL
57,Spectre MKe -,Taran MK2
57,Spectre MKe -,Taran MK2 .
57,Spectre MKe -,Taran MK2
57,Spectre MKe -,Taran MK2
57,Spectre MK2 -,Orkan MK2
57,Spectre MK2 -,Orkan MK2
57,Spectre MK2 -,Orkan MK2
57,Spectre MK2 -,Orkan MK2
57,Mercury MK2,Halo
57,Mercury MK2,Avenger MK2
57,Mercury MK2,Halo
57,Mercury MK2,a Tv .
57,Ares MK2 :,Corona MK2
57,Ares MK2 :,Halo MK2
57,Ares MK2 :,Halo
57,Ares MK2 :,Carona MK2
58,Ares ;,Taran MK2
58,Ares ;,Halo
58,Ares ;,Halo
58,Ares ;,Taran MK2
58,Mercury ;,Halo
58,Mercury ;,Avenger MK2
58,Mercury ;,Halo
58,Mercury ;,a 7
58,Hellburner MK:,Spark
58,Hellburner MK:,Ember MK2
58,Hellburner MK:,wf (Y
58,Hellburner MK:,HL
58,Mender MK2,Halo
58,Mender MK2,Taran MK2
58,Mender MK2,Halo
58,Mender MK2,ge
58,Bulwark :,Dragoon MK2
58,Bulwark :,Dragoon MK2
58,Bulwark :,a oot
58,Bulwark :,‘# rey
59,Inquisitor MK2,Taran MK2
59,Inquisitor MK2,Taran MK2 :
59,Inquisitor MK2,Ember MK2
59,Inquisitor MK2,roe ~
59,Mercury MKe «,Halo MK2
59,Mercury MKe «,Ember MK2
59,Mercury MKe «,Halo
59,Mercury MKe «,y! 7.
59,Spectre MK2 -,Taran MK2
59,Spectre MK2 -,Taran MK2 .
59,Spectre MK2 -,Taran MK2
59,Spectre MK2 -,Taran MK2
59,Spectre MK2,Taran MK2
59,Spectre MK2,Taran MK2 .
59,Spectre MK2,Taran MK2
59,Spectre MK2,Taran MK2
59,Mender MKe «,Gust MK2
59,Mender MKe «,Storm
59,Mender MKe «,Gust MK2
59,Mender MKe «,ee F
60,Mender ;,Halo
60,Mender ;,Storm
60,Mender ;,Halo
60,Mender ;,ee
60,Spectre MKe -,Tulumbas MK2
60,Spectre MKe -,Tulumbas MK2
60,Spectre MKe -,Tulumbas MK2
60,Spectre MKe -,Tulumbas MK2
60,Hellburner MK,Ecu
60,Hellburner MK,Ember
60,Hellburner MK,ow Rig
60,Hellburner MK,7
60,Ares,Corona
60,Ares,Halo
60,Ares,Halo
60,Ares,Carona
60,Mercury ;,Hala MK2
60,Mercury ;,Avenger MK2
60,Mercury ;,Halo
60,Mercury ;,of 7
61,Strider ;,Halo
61,Strider ;,Gust MK2
61,Strider ;,Exodus
61,Strider ;,"oo ME,"
61,Mercury MKe «,Halo
61,Mercury MKe «,Ember MK2
61,Mercury MKe «,Halo
61,Mercury MKe «,y! 7.
61,Spectre MK2 -,Tulumbas MK2
61,Spectre MK2 -,Tulumbas MK2
61,Spectre MK2 -,Tulumbas MK2
61,Spectre MK2 -,Tulumbas MK2
61,Falcon MK2,Exodus
61,Falcon MK2,Avenger MK2
61,Falcon MK2,Exodus
61,Falcon MK2,et
61,Mender MkKe «,Halo
61,Mender MkKe «,Storm
61,Mender MkKe «,Gust MK2
61,Mender MkKe «,a.
62,Hellburner ;,Shredder
62,Hellburner ;,Ember
62,Hellburner ;,_~w =Y
62,Hellburner ;,eH
62,Mercury ;,Halo
62,Mercury ;,Redeemer
62,Mercury ;,Gust
62,Mercury ;,# 7
62,Mender ‘,Halo
62,Mender ‘,Storm
62,Mender ‘,Gust
62,Mender ‘,ge
62,Ares,Corona
62,Ares,Halo
62,Ares,Halo
62,Ares,Carona
62,Spectre ;,Tulumbas
62,Spectre ;,Tulumbas
62,Spectre ;,Tulumbas
62,Spectre ;,Tulumbas
63,Hellburner MKé,Halo
63,Hellburner MKé,Ember
63,Hellburner MKé,_ wf A
63,Hellburner MKé,HL
63,Mercury MKe «,Halo
63,Mercury MKe «,Ember MK2
63,Mercury MKe «,Halo
63,Mercury MKe «,y! 7.
63,Mercury MKe +,Ecu MK2
63,Mercury MKe +,Avenger MK2
63,Mercury MKe +,Halo
63,Mercury MKe +,at al
63,Bulwark MK2,Avenger MK2
63,Bulwark MK2,Viper
63,Bulwark MK2,a a
63,Bulwark MK2,A ag
63,Falcon MK2-«,Trident MK2
63,Falcon MK2-«,Trident MK2
63,Falcon MK2-«,Trident MK2
63,Falcon MK2-«,. ? /
64,Hellburner MKé,Gust MK2
64,Hellburner MKé,Ember MK2
64,Hellburner MKé,~~ =}
64,Hellburner MKé,HL
64,Ares 4,Taran MK2
64,Ares 4,Halo MK2
64,Ares 4,Hala MK2
64,Ares 4,Taran MK2
64,Ares ‘,Taran MK2
64,Ares ‘,Halo MK2
64,Ares ‘,Hala MK2
64,Ares ‘,Taran MK2
64,Mender MK2,Gust MK2
64,Mender MK2,Storm MK2
64,Mender MK2,Gust MK2
64,Mender MK2,oe
64,Bulwark MkKe «,Trident MK2
64,Bulwark MkKe «,Trident MK2
64,Bulwark MkKe «,vy?
64,Bulwark MkKe «,i mt /
65,Falcon ;,Trident
65,Falcon ;,Ember '
65,Falcon ;,Trident
65,Falcon ;,. ; :
65,Mercury ;,Halo
65,Mercury ;,Avenger
65,Mercury ;,Halo
65,Mercury ;,a 7
65,Mercury,Halo
65,Mercury,Avenger
65,Mercury,Halo
65,Mercury,at rT
65,Ares,Corona
65,Ares,Halo
65,Ares,Halo
65,Ares,Carona
65,Hellburner :,Halo
65,Hellburner :,Ember
65,Hellburner :,_ wf
65,Hellburner :,HL
66,Ares MK2 ;,Scourge MK2
66,Ares MK2 ;,Spark MK2 :
66,Ares MK2 ;,Spark MK2
66,Ares MK2 ;,Scourge MK2
66,Hellburner MKé,Halo MK2
66,Hellburner MKé,Redeemer MK2
66,Hellburner MKé,~~ ve
66,Hellburner MKé,ay 2
66,Mercury,Shredder
66,Mercury,Avenger MK2
66,Mercury,Shredder
66,Mercury,at ry.
66,Mender MK2,Halo MK2
66,Mender MK2,Corona MK2
66,Mender MK2,Halo MK2
66,Mender MK2,cf
66,Spectre MKe2 -,Scourge MK2
66,Spectre MKe2 -,Scourge MK2
66,Spectre MKe2 -,Scourge MK2
66,Spectre MKe2 -,Scourge MK2
67,Hellburner MKé,Ecu MK2
67,Hellburner MKé,Ember MK2
67,Hellburner MKé,ww Rig
67,Hellburner MKé,eH Cl
67,Mender MKe «,Gust MK2
67,Mender MKe «,Storm MK2
67,Mender MKe «,Gust MK2
67,Mender MKe «,of
67,Ares MK2 ‘,Taran MK2
67,Ares MK2 ‘,Halo
67,Ares MK2 ‘,Halo
67,Ares MK2 ‘,Taran MK2
67,Ares MK2,Corona
67,Ares MK2,Halo
67,Ares MK2,Halo
67,Ares MK2,Carona
67,Mender MKe «,Gust MK2
67,Mender MKe «,Storm MK2
67,Mender MKe «,Gust MK2
67,Mender MKe «,ee F
68,Mender MKe «,Halo MK2
68,Mender MKe «,Storm MK2
68,Mender MKe «,Halo MK2
68,Mender MKe «,a.
68,Mercury MKe «,Halo
68,Mercury MKe «,Avenger MK2
68,Mercury MKe «,Halo MK2
68,Mercury MKe «,a 7
68,Hellburner MK:,Halo
68,Hellburner MK:,Ember MK2
68,Hellburner MK:,_ ww
68,Hellburner MK:,CL
68,Ares,Storm MK2
68,Ares,Gust MK2
68,Ares,Gust MK2
68,Ares,Starm MK2
68,Falcon :,Dragoon MK2
68,Falcon :,Dragoon MK2
68,Falcon :,Dragoon MK2
68,Falcon :,gh 4g
69,Strider MKe«,Spark
69,Strider MKe«,Spark
69,Strider MKe«,Ember MK2
69,Strider MKe«,ee ey
69,Ares 4,Scourge MK2
69,Ares 4,"Halo ,"
69,Ares 4,Halo
69,Ares 4,Scourge MK2
69,Spectre MK2 -,Taran MK2
69,Spectre MK2 -,Taran MK2
69,Spectre MK2 -,Taran MK2
69,Spectre MK2 -,Taran MK2
69,Ares,Scourge MK2
69,Ares,Halo
69,Ares,Halo
69,Ares,Scourge MK2
69,Mender MkKe «,Halo
69,Mender MkKe «,Corona
69,Mender MkKe «,Halo
69,Mender MkKe «,oe
70,Bulwark ;,Dragoon MK2
70,Bulwark ;,Dragoon MK2
70,Bulwark ;,& * 5
70,Bulwark ;,Sg te
70,Mercury MKe «,Hala MK2
70,Mercury MKe «,Avenger MK2
70,Mercury MKe «,Halo
70,Mercury MKe «,a 7
70,Mender MKe -,Gust MK2
70,Mender MKe -,Corona MK2
70,Mender MKe -,Halo
70,Mender MKe -,ge
70,Hellburner MK,Halo
70,Hellburner MK,Ember MK2
70,Hellburner MK,wf
70,Hellburner MK,7
70,Ares MK2 :,Taran MK2
70,Ares MK2 :,Halo
70,Ares MK2 :,Halo
70,Ares MK2 :,Taran MK2
71,Fury ;,Trident MK2
71,Fury ;,Trident MK2
71,Fury ;,Trident MK2
71,Fury ;,aa rr ’
71,Hellburner 4,Ecu
71,Hellburner 4,Ember
71,Hellburner 4,_~w Eig
71,Hellburner 4,7
71,Mender ‘,Halo
71,Mender ‘,Storm
71,Mender ‘,Gust
71,Mender ‘,a.
71,Ares,Taran
71,Ares,"Halo ,"
71,Ares,Spark
71,Ares,Scourge
71,Falcon :,Viper
71,Falcon :,Avenger MK2
71,Falcon :,Glory
71,Falcon :,i. 70
72,Hellburner MKé,Halo
72,Hellburner MKé,Ember MK2
72,Hellburner MKé,_ wf A
72,Hellburner MKé,HL
72,Mender MKe «,Halo
72,Mender MKe «,Taran MK2
72,Mender MKe «,Gust
72,Mender MKe «,oe
72,Mender MKe -,Gust MK2
72,Mender MKe -,Storm
72,Mender MKe -,Gust MK2
72,Mender MKe -,ee F
72,Falcon MK2,Dragoon
72,Falcon MK2,Ember MK2
72,Falcon MK2,Dragoon MK2
72,Falcon MK2,1 a
72,Ares :,Taran MK2
72,Ares :,Halo
72,Ares :,Halo
72,Ares :,Taran MK2
73,Ares ;,Corona
73,Ares ;,Halo
73,Ares ;,Halo
73,Ares ;,Carona
73,Mender MKe «,Halo
73,Mender MKe «,Corona
73,Mender MKe «,Halo
73,Mender MKe «,oe
73,Mercury,Shredder
73,Mercury,Avenger
73,Mercury,Shredder
73,Mercury,ne z.
73,Falcon,Exodus
73,Falcon,Viper .
73,Falcon,Exodus .
73,Falcon,Se oO
73,Hellburner :,Halo
73,Hellburner :,Ember MK2
73,Hellburner :,wf 1
73,Hellburner :,HL
74,Hellburner ;,Ecu
74,Hellburner ;,Ancile
74,Hellburner ;,a Fe
74,Hellburner ;,a c -
74,Ares 4,Taran
74,Ares 4,Halo
74,Ares 4,Halo
74,Ares 4,Taran
74,Ares ‘,Scourge
74,Ares ‘,Spark :
74,Ares ‘,Spark
74,Ares ‘,Scourge
74,Spectre MK2,Tulumbas MK2
74,Spectre MK2,Tulumbas MK2
74,Spectre MK2,Tulumbas MK2
74,Spectre MK2,Tulumbas MK2
74,Spectre ;,Orkan
74,Spectre ;,Orkan MK2
74,Spectre ;,Orkan MK2
74,Spectre ;,Orkan MK2
75,Pursuer MK2 «,Gust MK2
75,Pursuer MK2 «,Gust MK2
75,Pursuer MK2 «,Halo
75,Pursuer MK2 «,a
75,Strider MKe «,Halo
75,Strider MKe «,Gust MK2
75,Strider MKe «,Exodus MK2
75,Strider MKe «,
75,Ares MK2 ‘,Corona MK2
75,Ares MK2 ‘,Sting
75,Ares MK2 ‘,Halo MK2
75,Ares MK2 ‘,Carona MK2
75,Spectre MK2,Orkan MK2
75,Spectre MK2,Orkan MK2
75,Spectre MK2,Orkan MK2
75,Spectre MK2,Orkan MK2
75,Spectre MKe2 -,Tulumbas MK2
75,Spectre MKe2 -,Tulumbas MK2
75,Spectre MKe2 -,Tulumbas MK2
75,Spectre MKe2 -,Tulumbas MK2
76,Ares MK2 ;,Taran MK2
76,Ares MK2 ;,Halo MK2
76,Ares MK2 ;,Halo
76,Ares MK2 ;,Taran MK2
76,Ares MK2 4,Orkan MK2
76,Ares MK2 4,Halo
76,Ares MK2 4,Gust MK2
76,Ares MK2 4,Orkan MK2
76,Invader MKe2 -,Storm MK2
76,Invader MKe2 -,Halo
76,Invader MKe2 -,Halo
76,Invader MKe2 -,‘
76,Falcon MK2,Viper MK2 .
76,Falcon MK2,Avenger MK2
76,Falcon MK2,Viper
76,Falcon MK2,gh Aa
76,Mercury MkKe -,Hala MK2
76,Mercury MkKe -,Avenger MK2
76,Mercury MkKe -,Halo MK2
76,Mercury MkKe -,wt rT
77,HaechiMKe «,Orkan MK2
77,HaechiMKe «,Orkan MK2
77,HaechiMKe «,Orkan MK2
77,HaechiMKe «,a ow
77,Bulgasari MKe-,Tulumbas MK2
77,Bulgasari MKe-,Tulumbas MK2
77,Bulgasari MKe-,Tulumbas MK2
77,Bulgasari MKe-,“y +
77,Fury ‘,Flux MK2
77,Fury ‘,Flux MK2
77,Fury ‘,Flux MK2
77,Fury ‘,‘Bu re
77,Strider MK2,Shredder
77,Strider MK2,Shredder
77,Strider MK2,Exodus
77,Strider MK2,
77,Mender :,Gust MK2
77,Mender :,Scourge MK2
77,Mender :,Halo
77,Mender :,a.
78,Spectre MKe «,Orkan MK2
78,Spectre MKe «,Orkan MK2
78,Spectre MKe «,Orkan MK2
78,Spectre MKe «,Orkan MK2
78,Falcon MK2- «,Dragoon MK2
78,Falcon MK2- «,Dragoon MK2
78,Falcon MK2- «,Dragoon MK2
78,Falcon MK2- «,. 7
78,Spectre MK2 -,Tulumbas MK2
78,Spectre MK2 -,Tulumbas MK2
78,Spectre MK2 -,Tulumbas MK2
78,Spectre MK2 -,Tulumbas MK2
78,Ares MK2,Scourge MK2
78,Ares MK2,Halo MK2
78,Ares MK2,Halo MK2
78,Ares MK2,Scourge MK2
78,Falcon MK2-«,Exodus MK2
78,Falcon MK2-«,Exodus MK2
78,Falcon MK2-«,Exodus MK2
78,Falcon MK2-«,ge
79,Spectre :,Orkan MK2
79,Spectre :,Orkan MK2
79,Spectre :,Orkan MK2
79,Spectre :,Orkan MK2
79,Mender 4,Gust MK2
79,Mender 4,Storm
79,Mender 4,Halo
79,Mender 4,oe
79,Spectre,Shocktrain
79,Spectre,Shocktrain MK2
79,Spectre,Shaocktrain MK2
79,Spectre,Shocktrain MK2
79,Hellburner,Ecu
79,Hellburner,Ember MK2
79,Hellburner,_~w Rig
79,Hellburner,7
79,Mercury ;,Gust MK2
79,Mercury ;,Avenger
79,Mercury ;,Halo
79,Mercury ;,a Yr.
80,Mercury :,Halo
80,Mercury :,Avenger MK2
80,Mercury :,Halo
80,Mercury :,at rT
80,Mercury ;,Halo
80,Mercury ;,Ember MK2
80,Mercury ;,Gust MK2
80,Mercury ;,et v
80,Hellburner MK:,Shredder
80,Hellburner MK:,Ember MK2
80,Hellburner MK:,_~w =
80,Hellburner MK:,eH
80,Mender MK2,Gust MK2
80,Mender MK2,Storm
80,Mender MK2,Gust MK2
80,Mender MK2,oe
80,Fury MK2 ;,Flux MK2
80,Fury MK2 ;,Flux MK2
80,Fury MK2 ;,Flux MK2
80,Fury MK2 ;,‘Bu re
81,Hellburner MKé,Ecu MK2
81,Hellburner MKé,Ancile MK2
81,Hellburner MKé,a Fe
81,Hellburner MKé,a c -
81,Spectre ;,Tulumbas
81,Spectre ;,Tulumbas
81,Spectre ;,Tulumbas
81,Spectre ;,Tulumbas
81,Mender MKe -,Gust
81,Mender MKe -,Corona
81,Mender MKe -,Gust MK2
81,Mender MKe -,a.
81,Mercury MK2,Halo
81,Mercury MK2,Ember MK2
81,Mercury MK2,Halo
81,Mercury MK2,yo! aan
81,Spectre ;,Orkan
81,Spectre ;,Orkan
81,Spectre ;,Orkan
81,Spectre ;,Orkan
82,Hellburner MKé,Sting
82,Hellburner MKé,Ember
82,Hellburner MKé,~~ =«Y
82,Hellburner MKé,eH
82,Nemesis MkKe «,Taran MK2
82,Nemesis MkKe «,Taran MK2
82,Nemesis MkKe «,weil a
82,Nemesis MkKe «,re
82,Ares MK2 ‘,Pulsar
82,Ares MK2 ‘,Halo
82,Ares MK2 ‘,Halo
82,Ares MK2 ‘,Pulsar
82,Ares MK2,Orkan MK2
82,Ares MK2,Halo
82,Ares MK2,Halo
82,Ares MK2,Orkan MK2
82,Mender MKe «,Gust MK2
82,Mender MKe «,Corona MK2
82,Mender MKe «,Gust MK2
82,Mender MKe «,a.
83,Hellburner MKé,Ecu MK2
83,Hellburner MKé,Ember MK2
83,Hellburner MKé,ww Rig
83,Hellburner MKé,eH Cl
83,Mender MKe «,Gust MK2
83,Mender MKe «,Storm MK2
83,Mender MKe «,Gust MK2
83,Mender MKe «,of
83,Mercury MKe +,Gust MK2
83,Mercury MKe +,Avenger MK2
83,Mercury MKe +,Gust
83,Mercury MKe +,ct Tv
83,Ares MK2,Taran MK2
83,Ares MK2,Halo MK2
83,Ares MK2,Halo
83,Ares MK2,Taran MK2
83,Spectre MKe2 -,Tulumbas MK2
83,Spectre MKe2 -,Tulumbas MK2
83,Spectre MKe2 -,Tulumbas MK2
83,Spectre MKe2 -,Tulumbas MK2
84,Ares ;,Scourge
84,Ares ;,"Punisher ,"
84,Ares ;,Punisher
84,Ares ;,Scourge
84,Spectre ;,Taran MK2
84,Spectre ;,Taran MK2 .
84,Spectre ;,Taran MK2
84,Spectre ;,Taran MK2
84,Hellburner ‘,Ecu
84,Hellburner ‘,Ember MK2
84,Hellburner ‘,_~w Rig
84,Hellburner ‘,7
84,Spectre,Shocktrain MK2
84,Spectre,Shocktrain MK2
84,Spectre,Shaocktrain MK2
84,Spectre,Shocktrain MK2
84,Mercury ;,Halo
84,Mercury ;,Avenger
84,Mercury ;,Gust MK2
84,Mercury ;,_ v
85,Hellburner ;,Ecu
85,Hellburner ;,Ember MK2
85,Hellburner ;,ww Rig
85,Hellburner ;,eH Cl
85,Mender 4,Gust MK2
85,Mender 4,Corona
85,Mender 4,Gust MK2
85,Mender 4,oe
85,Blitz ‘,Halo
85,Blitz ‘,Halo
85,Blitz ‘,Halo
85,Blitz ‘,Halo oa
85,Mercury,Gust MK2
85,Mercury,Avenger MK2
85,Mercury,Halo
85,Mercury,"F, r-"
85,Ares :,Taran MK2
85,Ares :,Halo
85,Ares :,Halo
85,Ares :,Taran MK2
86,Mender MKe «,Gust MK2
86,Mender MKe «,Storm MK2
86,Mender MKe «,Halo
86,Mender MKe «,oe
86,Hellburner MKé,Ecu
86,Hellburner MKé,Ember MK2
86,Hellburner MKé,_~w Rig
86,Hellburner MKé,7
86,Falcon MK2~,Trident MK2
86,Falcon MK2~,Avenger MK2
86,Falcon MK2~,Trident MK2
86,Falcon MK2~,: gy fF
86,Mercury MK2,Gust MK2
86,Mercury MK2,Avenger MK2
86,Mercury MK2,Hala MK2
86,Mercury MK2,"F, r-"
86,Spectre MKe2 -,Orkan MK2
86,Spectre MKe2 -,Orkan MK2
86,Spectre MKe2 -,Orkan MK2
86,Spectre MKe2 -,Orkan MK2
87,Hellburner MKé,Gust MK2
87,Hellburner MKé,Ember MK2
87,Hellburner MKé,~~ =}
87,Hellburner MKé,HL
87,Pursuer MK2 «,Gust MK2
87,Pursuer MK2 «,Halo MK2
87,Pursuer MK2 «,Gust MK2
87,Pursuer MK2 «,4
87,Mercury MKe +,Halo MK2
87,Mercury MKe +,Viper MK2
87,Mercury MKe +,Gust MK2
87,Mercury MKe +,at Zz
87,Spectre MK2,Tulumbas MK2
87,Spectre MK2,Tulumbas MK2
87,Spectre MK2,Tulumbas MK2
87,Spectre MK2,Tulumbas MK2
87,Ares MK2 :,Scourge MK2
87,Ares MK2 :,Halo MK2
87,Ares MK2 :,Halo MK2
87,Ares MK2 :,Scourge MK2
88,Hellburner MKé,Shredder MK2
88,Hellburner MKé,Ember MK2
88,Hellburner MKé,_~w = =Y
88,Hellburner MKé,eH
88,Inquisitor ;,Orkan MK2
88,Inquisitor ;,Orkan MK2
88,Inquisitor ;,Exodus MK2
88,Inquisitor ;,a —
88,Spectre MK2 -,Tulumbas MK2
88,Spectre MK2 -,Tulumbas MK2
88,Spectre MK2 -,Tulumbas MK2
88,Spectre MK2 -,Tulumbas MK2
88,Ares MK2,Taran MK2
88,Ares MK2,Halo MK2
88,Ares MK2,Hala MK2
88,Ares MK2,Taran MK2
88,Mercury MkKe -,Halo
88,Mercury MkKe -,Avenger MK2
88,Mercury MkKe -,Halo
88,Mercury MkKe -,at rT
89,Mender ;,Gust MK2
89,Mender ;,Storm MK2
89,Mender ;,Gust MK2
89,Mender ;,a.
89,Ares 4,Corona
89,Ares 4,Halo
89,Ares 4,Halo
89,Ares 4,Corona
89,Spectre MK2 -,Tulumbas MK2
89,Spectre MK2 -,Tulumbas MK2
89,Spectre MK2 -,Tulumbas MK2
89,Spectre MK2 -,Tulumbas MK2
89,Hellburner,Ecu
89,Hellburner,Ember MK2
89,Hellburner,_~w Rig
89,Hellburner,7
89,Mercury ;,Halo
89,Mercury ;,Avenger MK2
89,Mercury ;,Halo
89,Mercury ;,at rT
90,Inquisitor MK2,Taran MK2
90,Inquisitor MK2,Taran MK2 :
90,Inquisitor MK2,Ember MK2
90,Inquisitor MK2,roe ~
90,Ares MK2 4,Taran MK2
90,Ares MK2 4,Halo
90,Ares MK2 4,Hala MK2
90,Ares MK2 4,Taran MK2
90,Hellburner MK,Pinata MK2
90,Hellburner MK,Ember MK2
90,Hellburner MK,_w 1
90,Hellburner MK,HL
90,Spectre MK2,Tulumbas MK2
90,Spectre MK2,Tulumbas MK2
90,Spectre MK2,Tulumbas MK2
90,Spectre MK2,Tulumbas MK2
90,Mender MKe «,Gust MK2
90,Mender MKe «,Taran MK2
90,Mender MKe «,Gust MK2
90,Mender MKe «,——
91,Ares MK2 ;,Taran MK2
91,Ares MK2 ;,Halo
91,Ares MK2 ;,Halo
91,Ares MK2 ;,Taran MK2
91,Spectre MKe -,Tulumbas MK2
91,Spectre MKe -,Tulumbas MK2
91,Spectre MKe -,Tulumbas MK2
91,Spectre MKe -,Tulumbas MK2
91,Hellburner MK,Ecu
91,Hellburner MK,Ember MK2
91,Hellburner MK,_~w Rig
91,Hellburner MK,7
91,Mercury MK2,Halo
91,Mercury MK2,Ember MK2
91,Mercury MK2,Halo
91,Mercury MK2,yo! aan
91,Mender MKe «,Magnum
91,Mender MKe «,Taran MK2
91,Mender MKe «,Magnum
91,Mender MKe «,a.
92,Bulwark ;,Dragoon
92,Bulwark ;,Dragoon
92,Bulwark ;,& no.
92,Bulwark ;,Sg te
92,Nemesis 4,Scourge MK2
92,Nemesis 4,Scourge MK2
92,Nemesis 4,weil o
92,Nemesis 4,re
92,Spectre,Tulumbas MK2
92,Spectre,Tulumbas MK2
92,Spectre,Tulumbas MK2
92,Spectre,Tulumbas MK2
92,Fury,Trident MK2
92,Fury,Trident MK2
92,Fury,Trident MK2
92,Fury,ae rr ?
92,Bulwark :,Avenger MK2
92,Bulwark :,Avenger MKe
92,Bulwark :,sO .
92,Bulwark :,"fe - ""s"
93,Ares MK2 ;,Corona
93,Ares MK2 ;,Halo
93,Ares MK2 ;,Halo
93,Ares MK2 ;,Carona
93,Mender 4,Gust MK2
93,Mender 4,Storm MK2
93,Mender 4,Gust MK2
93,Mender 4,of
93,Bulwark ‘,Dragoon MK2
93,Bulwark ‘,Dragoon MK2
93,Bulwark ‘,a oot
93,Bulwark ‘,‘# rey
93,Hellburner,Ecu
93,Hellburner,Ember MK2
93,Hellburner,_~w Rig
93,Hellburner,7
93,Mercury MkKe -,Punisher MK2
93,Mercury MkKe -,Avenger MK2
93,Mercury MkKe -,Punisher MK2
93,Mercury MkKe -,e ‘ a
94,Spectre MKe «,Orkan MK2
94,Spectre MKe «,Orkan MK2
94,Spectre MKe «,Orkan MK2
94,Spectre MKe «,Orkan MK2
94,Spectre MKe -,Orkan MK2
94,Spectre MKe -,Orkan MK2
94,Spectre MKe -,Orkan MK2
94,Spectre MKe -,Orkan MK2
94,Spectre MK2 -,Orkan MK2
94,Spectre MK2 -,Orkan MK2
94,Spectre MK2 -,Orkan MK2
94,Spectre MK2 -,Orkan MK2
94,Pursuer MK2,Gust MK2
94,Pursuer MK2,Gust MK2
94,Pursuer MK2,Gust MK2
94,Pursuer MK2,a
94,Spectre MKe2 -,Orkan MK2
94,Spectre MKe2 -,Orkan MK2
94,Spectre MKe2 -,Orkan MK2
94,Spectre MKe2 -,Orkan MK2
95,Mercury :,Gust
95,Mercury :,Ember MK2
95,Mercury :,Halo
95,Mercury :,at -
95,Spectre ;,Tulumbas MK2
95,Spectre ;,Tulumbas MK2
95,Spectre ;,Tulumbas MK2
95,Spectre ;,Tulumbas MK2
95,Bulwark ‘,Dragoon
95,Bulwark ‘,Dragoon
95,Bulwark ‘,a ty
95,Bulwark ‘,te i at j
95,Ares,Taran MK2
95,Ares,Halo
95,Ares,Halo
95,Ares,Taran MK2
95,Hellburner :,Ecu
95,Hellburner :,Ancile MK2
95,Hellburner :,a
95,Hellburner :,a c -
96,Spectre MKe «,Orkan MK2
96,Spectre MKe «,Orkan MK2
96,Spectre MKe «,Orkan MK2
96,Spectre MKe «,Orkan MK2
96,Mercury ;,Halo
96,Mercury ;,Avenger
96,Mercury ;,Halo
96,Mercury ;,a 7
96,Ares ‘,Taran MK2
96,Ares ‘,Shredder :
96,Ares ‘,Shredder
96,Ares ‘,Taran MK2
96,Mender MK2,Gust
96,Mender MK2,Taran MK2
96,Mender MK2,Gust
96,Mender MK2,ge
96,Bulwark :,Dragoon MK2
96,Bulwark :,Dragoon MK2
96,Bulwark :,& * 5
96,Bulwark :,Sg te
97,Hellburner MKé,Ecu
97,Hellburner MKé,Ancile MK2
97,Hellburner MKé,a Fe
97,Hellburner MKé,a c -
97,Spectre ;,Orkan MK2
97,Spectre ;,Orkan MK2
97,Spectre ;,Orkan MK2
97,Spectre ;,Orkan MK2
97,Mercury MKe »,Halo
97,Mercury MKe »,Ember MK2
97,Mercury MKe »,Halo
97,Mercury MKe »,a! aan
97,Pursuer MK2,Gust MK2
97,Pursuer MK2,Gust MK2
97,Pursuer MK2,Gust MK2
97,Pursuer MK2,a
97,Mender MKe «,Magnum MK2
97,Mender MKe «,Taran MK2
97,Mender MKe «,Magnum MK2
97,Mender MKe «,a.
